Pedro González-Barrachina, University of Alicante;María Alfaro-Contreras, University of Alicante;Jorge Calvo-Zaragoza, University of Alicante	Pedro González-Barrachina, University of Alicante	María Alfaro-Contreras, University of Alicante	Jorge Calvo-Zaragoza, University of Alicante																
Elena Georgieva, NYU;Pablo Ripollés, New York University;Brian McFee, New York University	Elena Georgieva, NYU	Pablo Ripollés, New York University	Brian McFee, New York University																
Jiwoo Ryu, Sogang University;Hao-Wen Dong, University of Michigan;Jongmin Jung, Sogang University;Dasaem Jeong, Sogang University	Jiwoo Ryu, Sogang University	Hao-Wen Dong, University of Michigan	Jongmin Jung, Sogang University	Dasaem Jeong, Sogang University															
Yun-Han Lan, Taiwan AI Labs;Wen-Yi Hsiao, Taiwan AI Labs;Hao-Chung Cheng, National Taiwan University;Yi-Hsuan Yang, National Taiwan University	Yun-Han Lan, Taiwan AI Labs	Wen-Yi Hsiao, Taiwan AI Labs	Hao-Chung Cheng, National Taiwan University	Yi-Hsuan Yang, National Taiwan University															
Noelia N Luna-Barahona, Universidad de Alicante;Adrián Roselló, Universidad de Alicante;María Alfaro-Contreras, University of Alicante;David Rizo, University of Alicante. Instituto Superior de Enseñanzas Artísrticas de la Comunidad Valenciana;Jorge Calvo-Zaragoza, University of Alicante	Noelia N Luna-Barahona, Universidad de Alicante	Adrián Roselló, Universidad de Alicante	María Alfaro-Contreras, University of Alicante	David Rizo, University of Alicante. Instituto Superior de Enseñanzas Artísrticas de la Comunidad Valenciana	Jorge Calvo-Zaragoza, University of Alicante														
Patricia Hu, Johannes Kepler University;Lukáš Samuel Marták, Johannes Kepler University Linz;Carlos Eduardo Cancino-Chacón, Johannes Kepler University Linz;Gerhard Widmer, Johannes Kepler University	Patricia Hu, Johannes Kepler University	Lukáš Samuel Marták, Johannes Kepler University Linz	Carlos Eduardo Cancino-Chacón, Johannes Kepler University Linz	Gerhard Widmer, Johannes Kepler University															
Tsung-Ping Chen, Kyoto University;Kazuyoshi Yoshii, Kyoto University	Tsung-Ping Chen, Kyoto University	Kazuyoshi Yoshii, Kyoto University																	
Sujoy Roychowdhury, Indian Institute of Technology Bombay;Preeti Rao, Indian Institute of Technology  Bombay;Sharat Chandran, IIT Bombay	Sujoy Roychowdhury, Indian Institute of Technology Bombay	Preeti Rao, Indian Institute of Technology  Bombay	Sharat Chandran, IIT Bombay																
Lidia J Morris, University of Washington;Rebecca Leger, Fraunhofer IIS;Michele Newman, University of Washington;John Ashley Burgoyne, University of Amsterdam;Ryan Groves, Self-employed;Natasha Mangal, CISAC;Jin Ha Lee, University of Washington	Lidia J Morris, University of Washington	Rebecca Leger, Fraunhofer IIS	Michele Newman, University of Washington	John Ashley Burgoyne, University of Amsterdam	Ryan Groves, Self-employed	Natasha Mangal, CISAC	Jin Ha Lee, University of Washington												
Jinlong ZHU, Hokkaido University;Keigo Sakurai, Hokkaido University;Ren Togo, Hokkaido University;Takahiro Ogawa, Hokkaido University;Miki Haseyama, Hokkaido University	Jinlong ZHU, Hokkaido University	Keigo Sakurai, Hokkaido University	Ren Togo, Hokkaido University	Takahiro Ogawa, Hokkaido University	Miki Haseyama, Hokkaido University														
Nicholas Cornia, Orpheus Instituut;Bruno Forment, Orpheus Instituut	Nicholas Cornia, Orpheus Instituut	Bruno Forment, Orpheus Instituut																	
Julian Lenz, Lemonaide ;Anirudh Mani, Lemonaide	Julian Lenz, Lemonaide 	Anirudh Mani, Lemonaide																	
Yu-Hua Chen, NTU;Yen-Tung Yeh, National Taiwan University;Yuan-Chiao Cheng, Positive Grid;Jui-Te Wu, Positive Grid; Yu-Hsiang Ho, Positive Grid ;Jyh-Shing Roger Jang, National Taiwan University;Yi-Hsuan Yang, National Taiwan University	Yu-Hua Chen, NTU	Yen-Tung Yeh, National Taiwan University	Yuan-Chiao Cheng, Positive Grid	Jui-Te Wu, Positive Grid	 Yu-Hsiang Ho, Positive Grid 	Jyh-Shing Roger Jang, National Taiwan University	Yi-Hsuan Yang, National Taiwan University												
Xingjian Du, University of Rochester;Zou Pei, ByteDance;Mingyu Liu, ByteDance;Xia Liang, Bytedance;Huidong Liang, University of Oxford;Minghang Chu, Bytedance;Zijie Wang, ByteDance;Bilei Zhu, ByteDance AI Lab	Xingjian Du, University of Rochester	Zou Pei, ByteDance	Mingyu Liu, ByteDance	Xia Liang, Bytedance	Huidong Liang, University of Oxford	Minghang Chu, Bytedance	Zijie Wang, ByteDance	Bilei Zhu, ByteDance AI Lab											
Eun Ji Oh, KAIST;Hyunjae Kim, KAIST;Kyung Myun Lee, KAIST	Eun Ji Oh, KAIST	Hyunjae Kim, KAIST	Kyung Myun Lee, KAIST																
Hendrik Vincent Koops, Universal Music Group;Gianluca Micchi, Universal Music Group;Elio Quinton, Universal Music Group	Hendrik Vincent Koops, Universal Music Group	Gianluca Micchi, Universal Music Group	Elio Quinton, Universal Music Group																
Takayuki Nakatsuka, National Institute of Advanced Industrial Science and Technology (AIST); Masahiro Hamasaki, National Institute of Advanced Industrial Science and Technology (AIST); Masataka Goto (National Institute of Advanced Industrial Science and Technology (AIST)	Takayuki Nakatsuka, National Institute of Advanced Industrial Science and Technology (AIST)	 Masahiro Hamasaki, National Institute of Advanced Industrial Science and Technology (AIST)	 Masataka Goto (National Institute of Advanced Industrial Science and Technology (AIST)																
Silas Antonisen, University of Granada;Iván López-Espejo, University of Granada	Silas Antonisen, University of Granada	Iván López-Espejo, University of Granada																	
Ngan V.T. Nguyen, University of Science, Vietnam Nation University Ho Chi Minh City;Elizabeth A.M. Acosta, Texas Tech University;Tommy Dang, Texas Tech University;David R.W. Sears, Texas Tech University	Ngan V.T. Nguyen, University of Science, Vietnam Nation University Ho Chi Minh City	Elizabeth A.M. Acosta, Texas Tech University	Tommy Dang, Texas Tech University	David R.W. Sears, Texas Tech University															
Muhammad Taimoor Haseeb, Mohamed bin Zayed University of Artificial Intelligence;Ahmad Hammoudeh, Mohamed bin Zayed University of Artificial Intelligence;Gus Xia, Mohamed bin Zayed University of Artificial Intelligence	Muhammad Taimoor Haseeb, Mohamed bin Zayed University of Artificial Intelligence	Ahmad Hammoudeh, Mohamed bin Zayed University of Artificial Intelligence	Gus Xia, Mohamed bin Zayed University of Artificial Intelligence																
Venkatakrishnan Vaidyanathapuram Krishnan, Georgia Institute of Technology;Noel Alben, Georgia Institute Of Technology;Anish Nair, Georgia Institute of Technology;Nathaniel Condit-Schultz, Georgia Institute of Technology	Venkatakrishnan Vaidyanathapuram Krishnan, Georgia Institute of Technology	Noel Alben, Georgia Institute Of Technology	Anish Nair, Georgia Institute of Technology	Nathaniel Condit-Schultz, Georgia Institute of Technology															
Robert Sowula, TU Wien;Peter Knees, TU Wien	Robert Sowula, TU Wien	Peter Knees, TU Wien																	
Lucas S Maia, Universidade Federal do Rio de Janeiro;Richa Namballa, New York University;Martín Rocamora, Universidad de la República;Magdalena Fuentes, New York University;Carlos Guedes, NYU Abu Dhabi	Lucas S Maia, Universidade Federal do Rio de Janeiro	Richa Namballa, New York University	Martín Rocamora, Universidad de la República	Magdalena Fuentes, New York University	Carlos Guedes, NYU Abu Dhabi														
Silvan David Peter, JKU;Gerhard Widmer, Johannes Kepler University	Silvan David Peter, JKU	Gerhard Widmer, Johannes Kepler University																	
Kartik Ohri, MetaBrainz Foundation Inc.;Robert Kaye, MetaBrainz Foundation Inc.	Kartik Ohri, MetaBrainz Foundation Inc.	Robert Kaye, MetaBrainz Foundation Inc.																	
Hitoshi Suda, National Institute of Advanced Industrial Science and Technology (AIST); Shunsuke Yoshida, The University of Tokyo; Tomohiko Nakamura, National Institute of Advanced Industrial Science and Technology (AIST); Satoru Fukayama, National Institute of Advanced Industrial Science and Technology (AIST); Jun Ogata, National Institute of Advanced Industrial Science and Technology (AIST)	Hitoshi Suda, National Institute of Advanced Industrial Science and Technology (AIST)	 Shunsuke Yoshida, The University of Tokyo	 Tomohiko Nakamura, National Institute of Advanced Industrial Science and Technology (AIST)	 Satoru Fukayama, National Institute of Advanced Industrial Science and Technology (AIST)	 Jun Ogata, National Institute of Advanced Industrial Science and Technology (AIST)														
Andrew M. Demetriou, Delft University of Technology;Jaehun Kim, Pandora / SiriusXM;Cynthia Liem, Delft University of Technology	Andrew M. Demetriou, Delft University of Technology	Jaehun Kim, Pandora / SiriusXM	Cynthia Liem, Delft University of Technology																
Johannes Zeitler, International Audio Laboratories Erlangen;Ben Maman, Tel Aviv University;Meinard Müller, International Audio Laboratories Erlangen	Johannes Zeitler, International Audio Laboratories Erlangen	Ben Maman, Tel Aviv University	Meinard Müller, International Audio Laboratories Erlangen																
Pedro Ramoneda, Universitat Pompeu Fabra;Vsevolod E Eremenko, Music Technology Group at Universitat Pompeu Fabra;Alexandre D'Hooge, Université de Lille;Emilia Parada-Cabaleiro, Nuremberg University of Music;Xavier Serra, Universitat Pompeu Fabra	Pedro Ramoneda, Universitat Pompeu Fabra	Vsevolod E Eremenko, Music Technology Group at Universitat Pompeu Fabra	Alexandre D'Hooge, Université de Lille	Emilia Parada-Cabaleiro, Nuremberg University of Music	Xavier Serra, Universitat Pompeu Fabra														
Ju-Chiang Wang, ByteDance;Wei-Tsung Lu, New Your University;Jitong Chen, ByteDance	Ju-Chiang Wang, ByteDance	Wei-Tsung Lu, New Your University	Jitong Chen, ByteDance																
Andrew C Edwards, QMUL;Xavier Riley, C4DM;Pedro Pereira Sarmento, Centre for Digital Music;Simon Dixon, Queen Mary University of London	Andrew C Edwards, QMUL	Xavier Riley, C4DM	Pedro Pereira Sarmento, Centre for Digital Music	Simon Dixon, Queen Mary University of London															
Marco Pasini, Queen Mary University of London;Stefan Lattner, Sony Computer Science Laboratories, Paris;George Fazekas, QMUL	Marco Pasini, Queen Mary University of London	Stefan Lattner, Sony Computer Science Laboratories, Paris	George Fazekas, QMUL																
Nathaniel Condit-Schultz, Georgia Institute of Technology	Nathaniel Condit-Schultz, Georgia Institute of Technology																		
Jingyue Huang, New York University;Ke Chen, University of California San Diego;Yi-Hsuan Yang, National Taiwan University	Jingyue Huang, New York University	Ke Chen, University of California San Diego	Yi-Hsuan Yang, National Taiwan University																
Jyoti Narang, Student;Nazif Can Tamer, Universitat Pompeu Fabra;Viviana De La Vega, Escola Superior de Música de Catalunya;Xavier Serra, Universitat Pompeu Fabra	Jyoti Narang, Student	Nazif Can Tamer, Universitat Pompeu Fabra	Viviana De La Vega, Escola Superior de Música de Catalunya	Xavier Serra, Universitat Pompeu Fabra															
Nils Demerlé, IRCAM;Philippe  Esling, IRCAM;Guillaume Doras, Ircam;David Genova, Ircam	Nils Demerlé, IRCAM	Philippe  Esling, IRCAM	Guillaume Doras, Ircam	David Genova, Ircam															
Kun Fang, McGill University;Ziyu Wang, NYU Shanghai;Gus Xia, New York University Shanghai;Ichiro Fujinaga, McGill University	Kun Fang, McGill University	Ziyu Wang, NYU Shanghai	Gus Xia, New York University Shanghai	Ichiro Fujinaga, McGill University															
Zach Evans, Stability AI;Julian D Parker, Stability AI;CJ Carr, Stability AI;Zachary Zuckowski, Stability AI;Josiah Taylor, Stability AI;Jordi Pons, Stability AI	Zach Evans, Stability AI	Julian D Parker, Stability AI	CJ Carr, Stability AI	Zachary Zuckowski, Stability AI	Josiah Taylor, Stability AI	Jordi Pons, Stability AI													
Seikoh Fukuda, PTNA Research Institute of Music;Yuko Fukuda, Kyoritsu Women’s University, To-on Kikaku Company;Ami Motomura, To-on Kikaku Company;Eri Sasao, To-on Kikaku Company;Masamichi Hosoda, NTT East Corporation;Masaki Matsubara, University of Tsukuba;Masahiro Niitsuma, Keio University	Seikoh Fukuda, PTNA Research Institute of Music	Yuko Fukuda, Kyoritsu Women’s University, To-on Kikaku Company	Ami Motomura, To-on Kikaku Company	Eri Sasao, To-on Kikaku Company	Masamichi Hosoda, NTT East Corporation	Masaki Matsubara, University of Tsukuba	Masahiro Niitsuma, Keio University												
Juan Carlos Martinez-Sevilla, University of Alicante;David Rizo, University of Alicante. Instituto Superior de Enseñanzas Artísrticas de la Comunidad Valenciana;Jorge Calvo-Zaragoza, University of Alicante	Juan Carlos Martinez-Sevilla, University of Alicante	David Rizo, University of Alicante. Instituto Superior de Enseñanzas Artísrticas de la Comunidad Valenciana	Jorge Calvo-Zaragoza, University of Alicante																
Andre Holzapfel, KTH Royal Institute of Technology in Stockholm;Anna-Kaisa Kaila, KTH Royal Institute of Technology, Stockholm;Petra Jääskeläinen, KTH	Andre Holzapfel, KTH Royal Institute of Technology in Stockholm	Anna-Kaisa Kaila, KTH Royal Institute of Technology, Stockholm	Petra Jääskeläinen, KTH																
Léo Géré, Cnam;Nicolas Audebert, IGN;Philippe Rigaux, Cnam	Léo Géré, Cnam	Nicolas Audebert, IGN	Philippe Rigaux, Cnam																
Hugo T. Carvalho, Federal University of Rio de Janeiro;Min S. Li, University of Birmingham;Massimiliano Di Luca, University of Birmingham;Alan M. Wing, University of Birmingham	Hugo T. Carvalho, Federal University of Rio de Janeiro	Min S. Li, University of Birmingham	Massimiliano Di Luca, University of Birmingham	Alan M. Wing, University of Birmingham															
Christian J. Steinmetz, Queen Mary University of London;Shubhr singh, Queen Mary University of London;Marco Comunita, Queen Mary University of London;Ilias Ibnyahya, Queen Mary University of London;Shanxin Yuan, Queen Mary University of London;Emmanouil Benetos, Queen Mary University of London;Joshua D. Reiss, Queen Mary University of London	Christian J. Steinmetz, Queen Mary University of London	Shubhr singh, Queen Mary University of London	Marco Comunita, Queen Mary University of London	Ilias Ibnyahya, Queen Mary University of London	Shanxin Yuan, Queen Mary University of London	Emmanouil Benetos, Queen Mary University of London	Joshua D. Reiss, Queen Mary University of London												
Yujia Yan, University of Rochester;Zhiyao Duan, University of Rochester	Yujia Yan, University of Rochester	Zhiyao Duan, University of Rochester																	
Malcolm Sailor, Yale University	Malcolm Sailor, Yale University																		
Owen Green, Max Planck Institute for Empirical Aesthetics;Bob L. T.  Sturm, KTH Royal Institute of Technology;Georgina Born, University College London;Melanie Wald-Fuhrmann, Max Planck Institute for Empirical Aesthetics	Owen Green, Max Planck Institute for Empirical Aesthetics	Bob L. T.  Sturm, KTH Royal Institute of Technology	Georgina Born, University College London	Melanie Wald-Fuhrmann, Max Planck Institute for Empirical Aesthetics															
Francesco Foscarin, Johannes Kepler University Linz;Jan Schlüter, JKU Linz;Gerhard Widmer, Johannes Kepler University	Francesco Foscarin, Johannes Kepler University Linz	Jan Schlüter, JKU Linz	Gerhard Widmer, Johannes Kepler University																
Saebyul Park, KAIST;Halla Kim, KAIST;Jiye Jung, Heinrich Heine University Düsseldorf;Juyong Park, KAIST;Jeounghoon Kim, KAIST;Juhan Nam, KAIST	Saebyul Park, KAIST	Halla Kim, KAIST	Jiye Jung, Heinrich Heine University Düsseldorf	Juyong Park, KAIST	Jeounghoon Kim, KAIST	Juhan Nam, KAIST													
Hyon Kim, Universitat Pompeu Fabra;Xavier Serra, Universitat Pompeu Fabra	Hyon Kim, Universitat Pompeu Fabra	Xavier Serra, Universitat Pompeu Fabra																	
Tomoyasu Nakano, National Institute of Advanced Industrial Science and Technology (AIST); Masataka Goto, National Institute of Advanced Industrial Science and Technology (AIST)	Tomoyasu Nakano, National Institute of Advanced Industrial Science and Technology (AIST)	 Masataka Goto, National Institute of Advanced Industrial Science and Technology (AIST)																	
Yannis Vasilakis, Queen Mary University of London;Rachel Bittner, Spotify;Johan Pauwels, Queen Mary University of London	Yannis Vasilakis, Queen Mary University of London	Rachel Bittner, Spotify	Johan Pauwels, Queen Mary University of London																
Danbinaerin Han, KAIST;Mark R H Gotham, Durham;DongMin Kim, Sogang University;Hannah Park, Sogang University;Sihun Lee, Sogang University;Dasaem Jeong, Sogang University	Danbinaerin Han, KAIST	Mark R H Gotham, Durham	DongMin Kim, Sogang University	Hannah Park, Sogang University	Sihun Lee, Sogang University	Dasaem Jeong, Sogang University													
Pavani B Chowdary, International Institute of Information Technology, Hyderabad;Bhavyajeet Singh, International Institute of Information Technology, Hyderabad ;Rajat Agarwal, International Institute of Information Technology;Vinoo  Alluri, IIIT - Hyderabad	Pavani B Chowdary, International Institute of Information Technology, Hyderabad	Bhavyajeet Singh, International Institute of Information Technology, Hyderabad 	Rajat Agarwal, International Institute of Information Technology	Vinoo  Alluri, IIIT - Hyderabad															
Shangda Wu, Central Conservatory of Music;Yashan Wang, Central Conservatory of Music;Xiaobing Li, Central Conservatory of Music;Feng Yu, Central Conservatory of Music;Maosong Sun, Tsinghua University	Shangda Wu, Central Conservatory of Music	Yashan Wang, Central Conservatory of Music	Xiaobing Li, Central Conservatory of Music	Feng Yu, Central Conservatory of Music	Maosong Sun, Tsinghua University														
Tim Beyer, Technical University of Munich;Angela Dai, Technical University of Munich	Tim Beyer, Technical University of Munich	Angela Dai, Technical University of Munich																	
Vjosa Preniqi, Queen Mary University of London;Iacopo Ghinassi, Queen Mary University of London;Julia Ive, Queen Mary University of London;Kyriaki Kalimeri, ISI Foundation;Charalampos Saitis, Queen Mary University of London	Vjosa Preniqi, Queen Mary University of London	Iacopo Ghinassi, Queen Mary University of London	Julia Ive, Queen Mary University of London	Kyriaki Kalimeri, ISI Foundation	Charalampos Saitis, Queen Mary University of London														
Stephen Hahn, Duke;Weihan Xu, duke;Zirui Yin, Duke University;Rico Zhu, Duke University;Simon Mak, Duke University;Yue Jiang, Duke University;Cynthia Rudin, Duke	Stephen Hahn, Duke	Weihan Xu, duke	Zirui Yin, Duke University	Rico Zhu, Duke University	Simon Mak, Duke University	Yue Jiang, Duke University	Cynthia Rudin, Duke												
Haonan Chen, Bytedance Inc.;Jordan B. L. Smith, TikTok;Janne Spijkervet, University of Amsterdam;Ju-Chiang Wang, ByteDance;Pei Zou, Bytedance Inc.;Bochen Li, University of Rochester;Qiuqiang Kong, Byte Dance;Xingjian Du, University of Rochester	Haonan Chen, Bytedance Inc.	Jordan B. L. Smith, TikTok	Janne Spijkervet, University of Amsterdam	Ju-Chiang Wang, ByteDance	Pei Zou, Bytedance Inc.	Bochen Li, University of Rochester	Qiuqiang Kong, Byte Dance	Xingjian Du, University of Rochester											
Irmak Bukey, Carnegie Mellon University;Michael Feffer, Carnegie Mellon University;Chris Donahue, CMU	Irmak Bukey, Carnegie Mellon University	Michael Feffer, Carnegie Mellon University	Chris Donahue, CMU																
Ziya Zhou, HKUST;Yuhang Wu, Multimodal Art Projection;Zhiyue Wu, Shenzhen University;Xinyue Zhang, Multimodal Art Projection;Ruibin Yuan, CMU;Yinghao MA, Queen Mary University of London;Lu Wang, Shenzhen University;Emmanouil Benetos, Queen Mary University of London;Wei Xue, The Hong Kong University of Science and Technology;Yike Guo, Hong Kong University of Science and Technology	Ziya Zhou, HKUST	Yuhang Wu, Multimodal Art Projection	Zhiyue Wu, Shenzhen University	Xinyue Zhang, Multimodal Art Projection	Ruibin Yuan, CMU	Yinghao MA, Queen Mary University of London	Lu Wang, Shenzhen University	Emmanouil Benetos, Queen Mary University of London	Wei Xue, The Hong Kong University of Science and Technology	Yike Guo, Hong Kong University of Science and Technology									
Arthur Flexer, Johannes Kepler University Linz	Arthur Flexer, Johannes Kepler University Linz																		
Weixing Wei, Kyoto University;Jiahao Zhao, Kyoto University;Yulun Wu, Fudan University;Kazuyoshi Yoshii, Kyoto University	Weixing Wei, Kyoto University	Jiahao Zhao, Kyoto University	Yulun Wu, Fudan University	Kazuyoshi Yoshii, Kyoto University															
Yaolong Ju, Huawei;Chun Yat Wu, Huawei;Betty Cortiñas Lorenzo, Huawei;Jing Yang, Huawei 2012 Labs;Jiajun Deng, Huawei;Fan Fan, Huawei;Simon Lui, Huawei	Yaolong Ju, Huawei	Chun Yat Wu, Huawei	Betty Cortiñas Lorenzo, Huawei	Jing Yang, Huawei 2012 Labs	Jiajun Deng, Huawei	Fan Fan, Huawei	Simon Lui, Huawei												
Huan Zhang, Queen Mary University of London;Jinhua Liang, Queen Mary University of London;Simon Dixon, Queen Mary University of London	Huan Zhang, Queen Mary University of London	Jinhua Liang, Queen Mary University of London	Simon Dixon, Queen Mary University of London																
Or Tal, The Hebrew University of Jerusalem;Alon Ziv, The Hebrew University of Jerusalem;Felix Kreuk, Bar-Ilan University;Itai Gat, Meta;Yossi Adi, The Hebrew University of Jerusalem	Or Tal, The Hebrew University of Jerusalem	Alon Ziv, The Hebrew University of Jerusalem	Felix Kreuk, Bar-Ilan University	Itai Gat, Meta	Yossi Adi, The Hebrew University of Jerusalem														
Zachary Novack, UC San Diego;Julian McAuley, UCSD;Taylor Berg-Kirkpatrick, UCSD;Nicholas J. Bryan, Adobe Research	Zachary Novack, UC San Diego	Julian McAuley, UCSD	Taylor Berg-Kirkpatrick, UCSD	Nicholas J. Bryan, Adobe Research															
Guang Yang, University of Washington;Muru Zhang, University of Washington;Lin Qiu, University of Washington;Yanming Wan, University of Washington;Noah A Smith, University of Washington and Allen Institute for AI	Guang Yang, University of Washington	Muru Zhang, University of Washington	Lin Qiu, University of Washington	Yanming Wan, University of Washington	Noah A Smith, University of Washington and Allen Institute for AI														
Jaehun Kim, Pandora / SiriusXM;Florian Henkel, SiriusXM + Pandora;Camilo Landau, Pandora / SiriusXM;Samuel E. Sandberg, SiriusXM + Pandora;Andreas F. Ehmann, SiriusXM + Pandora	Jaehun Kim, Pandora / SiriusXM	Florian Henkel, SiriusXM + Pandora	Camilo Landau, Pandora / SiriusXM	Samuel E. Sandberg, SiriusXM + Pandora	Andreas F. Ehmann, SiriusXM + Pandora														
Huiran Yu, University of Rochester;Zhiyao Duan, University of Rochester	Huiran Yu, University of Rochester	Zhiyao Duan, University of Rochester																	
Karn N Watcharasupat, Georgia Institute of Technology;Alexander Lerch, Georgia Institute of Technology	Karn N Watcharasupat, Georgia Institute of Technology	Alexander Lerch, Georgia Institute of Technology																	
Martin E Malandro, Sam Houston State University	Martin E Malandro, Sam Houston State University																		
Emmanouil Karystinaios, Johannes Kepler University;Gerhard Widmer, Johannes Kepler University	Emmanouil Karystinaios, Johannes Kepler University	Gerhard Widmer, Johannes Kepler University																	
Seungheon Doh, KAIST;Keunwoo Choi, Genentech;Daeyong Kwon, KAIST;Taesoo Kim, KAIST;Juhan Nam, KAIST	Seungheon Doh, KAIST	Keunwoo Choi, Genentech	Daeyong Kwon, KAIST	Taesoo Kim, KAIST	Juhan Nam, KAIST														
Roser Batlle-Roca, Universitat Pompeu Fabra;Wei-Hsiang Liao, Sony Group Corporation;Xavier Serra, Universitat Pompeu Fabra ;Yuki Mitsufuji, Sony AI;Emilia Gomez, Joint Research Centre, European Commission & Universitat Pompeu Fabra	Roser Batlle-Roca, Universitat Pompeu Fabra	Wei-Hsiang Liao, Sony Group Corporation	Xavier Serra, Universitat Pompeu Fabra 	Yuki Mitsufuji, Sony AI	Emilia Gomez, Joint Research Centre, European Commission & Universitat Pompeu Fabra														
Seokbeom Park, KAIST;Hyunjae Kim, KAIST;Kyung Myun Lee, KAIST	Seokbeom Park, KAIST	Hyunjae Kim, KAIST	Kyung Myun Lee, KAIST																
Recep Oguz Araz, Universitat Pompeu Fabra;Xavier Serra, Universitat Pompeu Fabra ;Dmitry Bogdanov, Universitat Pompeu Fabra	Recep Oguz Araz, Universitat Pompeu Fabra	Xavier Serra, Universitat Pompeu Fabra 	Dmitry Bogdanov, Universitat Pompeu Fabra																
Chih-Pin Tan, National Taiwan University;Hsin Ai, National Taiwan University;Yi-Hsin Chang, National Taiwan University;Shuen-Huei Guan, KKCompany Techonologies;Yi-Hsuan Yang, National Taiwan University	Chih-Pin Tan, National Taiwan University	Hsin Ai, National Taiwan University	Yi-Hsin Chang, National Taiwan University	Shuen-Huei Guan, KKCompany Techonologies	Yi-Hsuan Yang, National Taiwan University														
Benno Weck ), Ilaria Manco, Music Technology Group, Universitat Pompeu Fabra UPF;Emmanouil Benetos, Queen Mary University of London;Elio Quinton, Queen Mary University of London;George Fazekas, Universal Music Group;Dmitry Bogdanov, QMUL	Benno Weck ), Ilaria Manco, Music Technology Group, Universitat Pompeu Fabra UPF	Emmanouil Benetos, Queen Mary University of London	Elio Quinton, Queen Mary University of London	George Fazekas, Universal Music Group	Dmitry Bogdanov, QMUL														
David Rizo, University of Alicante. Instituto Superior de Enseñanzas Artísrticas de la Comunidad Valenciana;Jorge Calvo-Zaragoza, University of Alicante;Patricia García-Iasci, University of Alicante;Teresa Delgado-Sánchez, Biblioteca Nacional de España	David Rizo, University of Alicante. Instituto Superior de Enseñanzas Artísrticas de la Comunidad Valenciana	Jorge Calvo-Zaragoza, University of Alicante	Patricia García-Iasci, University of Alicante	Teresa Delgado-Sánchez, Biblioteca Nacional de España															
Nithya Nadig Shikarpur, Mila, University of Montreal;Krishna Maneesha Dendukuri, Mila;Yusong Wu, Mila, University of Montreal;Antoine CAILLON, IRCAM;Cheng-Zhi Anna Huang, Google Brain	Nithya Nadig Shikarpur, Mila, University of Montreal	Krishna Maneesha Dendukuri, Mila	Yusong Wu, Mila, University of Montreal	Antoine CAILLON, IRCAM	Cheng-Zhi Anna Huang, Google Brain														
Megan Wei, Brown University;Michael Freeman, Brown University;Chris Donahue, Carnegie Mellon University;Chen Sun, Brown University	Megan Wei, Brown University	Michael Freeman, Brown University	Chris Donahue, Carnegie Mellon University	Chen Sun, Brown University															
Marco Comunità, Queen Mary University of London;Zhi Zhong, Sony Group Corporation;Akira Takahashi, Sony Group Corporation;Shiqi Yang, Sony;Mengjie Zhao, Sony Group Corporation;Koichi Saito, Sony Gruop Corporation;Yukara Ikemiya, Sony Research;Takashi Shibuya, Sony AI;Shusuke Takahashi, Sony Group Corporation;Yuki Mitsufuji, Sony AI	Marco Comunità, Queen Mary University of London	Zhi Zhong, Sony Group Corporation	Akira Takahashi, Sony Group Corporation	Shiqi Yang, Sony	Mengjie Zhao, Sony Group Corporation	Koichi Saito, Sony Gruop Corporation	Yukara Ikemiya, Sony Research	Takashi Shibuya, Sony AI	Shusuke Takahashi, Sony Group Corporation	Yuki Mitsufuji, Sony AI									
Simon Rouard, Meta AI Research;Alexandre Defossez, Kyutai;Yossi Adi, Facebook AI Research ;Jade Copet, Meta AI Research;Axel Roebel, IRCAM	Simon Rouard, Meta AI Research	Alexandre Defossez, Kyutai	Yossi Adi, Facebook AI Research 	Jade Copet, Meta AI Research	Axel Roebel, IRCAM														
Marcel A Vélez Vásquez, University of Amsterdam;Charlotte Pouw, University of Amsterdam;John Ashley Burgoyne, University of Amsterdam;Willem Zuidema, ILLC, UvA	Marcel A Vélez Vásquez, University of Amsterdam	Charlotte Pouw, University of Amsterdam	John Ashley Burgoyne, University of Amsterdam	Willem Zuidema, ILLC, UvA															
Behzad Haki, Universitat Pompeu Fabra;Nicholas Evans, Universitat Pompeu Fabra;Daniel Gómez, MTG;Sergi Jordà, Universitat Pompeu Fabra	Behzad Haki, Universitat Pompeu Fabra	Nicholas Evans, Universitat Pompeu Fabra	Daniel Gómez, MTG	Sergi Jordà, Universitat Pompeu Fabra															
Chenyu Gao, University of York;Federico Reuben, University of York;Tom Collins, University of York, MAIA, Inc.	Chenyu Gao, University of York	Federico Reuben, University of York	Tom Collins, University of York, MAIA, Inc.																
Mequanent Argaw Muluneh, Academia Sinica, National Chengchi University, Debre Markos University;Yan-Tsung Peng, National Chengchi University;Li Su, Academia Sinica	Mequanent Argaw Muluneh, Academia Sinica, National Chengchi University, Debre Markos University	Yan-Tsung Peng, National Chengchi University	Li Su, Academia Sinica																
Xavier Riley, C4DM;Zixun Guo, Singapore University of Technology and Design;Andrew C Edwards, QMUL;Simon Dixon, Queen Mary University of London	Xavier Riley, C4DM	Zixun Guo, Singapore University of Technology and Design	Andrew C Edwards, QMUL	Simon Dixon, Queen Mary University of London															
Jan Melechovsky, Singapore University of Technology and Design;Abhinaba Roy, SUTD;Dorien Herremans, Singapore University of Technology and Design	Jan Melechovsky, Singapore University of Technology and Design	Abhinaba Roy, SUTD	Dorien Herremans, Singapore University of Technology and Design																
Yuexuan KONG, Deezer;Vincent Lostanlen, LS2N, CNRS;Gabriel Meseguer Brocal, Deezer;Stella Wong, Columbia University;Mathieu Lagrange, LS2N;Romain Hennequin, Deezer Research	Yuexuan KONG, Deezer	Vincent Lostanlen, LS2N, CNRS	Gabriel Meseguer Brocal, Deezer	Stella Wong, Columbia University	Mathieu Lagrange, LS2N	Romain Hennequin, Deezer Research													
Qixin Deng, University of Rochester;Qikai Yang, University of Illinois at Urbana-Champaign;Ruibin Yuan, CMU;Yipeng Huang, Multimodal Art Projection Research Community;Yi Wang, CMU;Xubo Liu, University of Surrey;Zeyue Tian, Hong Kong University of Science and Technology;Jiahao Pan, The Hong Kong University of Science and Technology;Ge Zhang, University of Michigan;Hanfeng Lin, Multimodal Art Projection Research Community;Yizhi Li, The University  of Sheffield;Yinghao MA, Queen Mary University of London;Jie Fu, HKUST;Chenghua Lin, University of Manchester;Emmanouil Benetos, Queen Mary University of London;Wenwu  Wang, University of Surrey;Guangyu Xia, NYU Shanghai;Wei Xue, The Hong Kong University of Science and Technology;Yike Guo, Hong Kong University of Science and Technology	Qixin Deng, University of Rochester	Qikai Yang, University of Illinois at Urbana-Champaign	Ruibin Yuan, CMU	Yipeng Huang, Multimodal Art Projection Research Community	Yi Wang, CMU	Xubo Liu, University of Surrey	Zeyue Tian, Hong Kong University of Science and Technology	Jiahao Pan, The Hong Kong University of Science and Technology	Ge Zhang, University of Michigan	Hanfeng Lin, Multimodal Art Projection Research Community	Yizhi Li, The University  of Sheffield	Yinghao MA, Queen Mary University of London	Jie Fu, HKUST	Chenghua Lin, University of Manchester	Emmanouil Benetos, Queen Mary University of London	Wenwu  Wang, University of Surrey	Guangyu Xia, NYU Shanghai	Wei Xue, The Hong Kong University of Science and Technology	Yike Guo, Hong Kong University of Science and Technology
Joanne Affolter, Ecole Polytechnique Fédérale de Lausanne (EPFL); Yannis Rammos, Ecole Polytechnique Fédérale de Lausanne (EPFL); Martin A Rohrmeier, Ecole Polytechnique Fédérale de Lausanne (EPFL)	Joanne Affolter, Ecole Polytechnique Fédérale de Lausanne (EPFL)	 Yannis Rammos, Ecole Polytechnique Fédérale de Lausanne (EPFL)	 Martin A Rohrmeier, Ecole Polytechnique Fédérale de Lausanne (EPFL)																
Shahan Nercessian, Native Instruments;Johannes Imort, Native Instruments;Ninon Devis, Native Instruments;Frederik Blang, Native Instruments	Shahan Nercessian, Native Instruments	Johannes Imort, Native Instruments	Ninon Devis, Native Instruments	Frederik Blang, Native Instruments															
Emmanuel Deruty, Sony Computer Science Laboratories	Emmanuel Deruty, Sony Computer Science Laboratories																		
Liwei Lin, New York University Shanghai;Gus Xia, New York University Shanghai;Junyan Jiang, New York University Shanghai;Yixiao Zhang, Queen Mary University of London	Liwei Lin, New York University Shanghai	Gus Xia, New York University Shanghai	Junyan Jiang, New York University Shanghai	Yixiao Zhang, Queen Mary University of London															
Ilaria Manco, Queen Mary University of London;Justin Salamon, Adobe;Oriol Nieto, Adobe	Ilaria Manco, Queen Mary University of London	Justin Salamon, Adobe	Oriol Nieto, Adobe																
Yigitcan Özer, International Audio Laboratories Erlangen;Hans-Ulrich Berendes, International Audio Laboratories Erlangen;Vlora Arifi-Müller, International Audio Laboratories Erlangen ;Fabian-Robert Stöter, AudioShake, Inc.;Meinard Müller, International Audio Laboratories Erlangen	Yigitcan Özer, International Audio Laboratories Erlangen	Hans-Ulrich Berendes, International Audio Laboratories Erlangen	Vlora Arifi-Müller, International Audio Laboratories Erlangen 	Fabian-Robert Stöter, AudioShake, Inc.	Meinard Müller, International Audio Laboratories Erlangen														
Fang Duo Tsai, National Taiwan University;Shih-Lun Wu, Carnegie Mellon University;Haven Kim, University of California San Diego;Bo-Yu Chen, National Taiwan University, Rhythm Culture Corporation;Hao-Chung Cheng, National Taiwan University;Yi-Hsuan Yang, National Taiwan University	Fang Duo Tsai, National Taiwan University	Shih-Lun Wu, Carnegie Mellon University	Haven Kim, University of California San Diego	Bo-Yu Chen, National Taiwan University, Rhythm Culture Corporation	Hao-Chung Cheng, National Taiwan University	Yi-Hsuan Yang, National Taiwan University													
Mickaël Zehren, Umeå University;Marco Alunno, Universidad EAFIT Medellín;Paolo Bientinesi, Umeå Universitet	Mickaël Zehren, Umeå University	Marco Alunno, Universidad EAFIT Medellín	Paolo Bientinesi, Umeå Universitet																
Michele Newman, University of Washington;Lidia Morris, University of Washington;Jun Kato ), Masataka Goto ), Jason Yip, National Institute of Advanced Industrial Science and Technology AIST;Jin Ha Lee, National Institute of Advanced Industrial Science and Technology AIST	Michele Newman, University of Washington	Lidia Morris, University of Washington	Jun Kato ), Masataka Goto ), Jason Yip, National Institute of Advanced Industrial Science and Technology AIST	Jin Ha Lee, National Institute of Advanced Industrial Science and Technology AIST															
Giovanni Bindi, IRCAM	Giovanni Bindi, IRCAM																		
Giulia Arguello, ETH Zurich;Luca A Lanzendoerfer, ETH Zurich;Roger Wattenhofer, ETH Zurich	Giulia Arguello, ETH Zurich	Luca A Lanzendoerfer, ETH Zurich	Roger Wattenhofer, ETH Zurich																
Jiajun Deng, The Chinese University of HongKong;Yaolong Ju, Huawei;Jing Yang, Huawei 2012 Labs;Simon Lui, Huawei;Xunying Liu, The Chinese University of Hong Kong	Jiajun Deng, The Chinese University of HongKong	Yaolong Ju, Huawei	Jing Yang, Huawei 2012 Labs	Simon Lui, Huawei	Xunying Liu, The Chinese University of Hong Kong														
Soumya Sai Vanka, QMUL;Christian J. Steinmetz, Queen Mary University of London;Jean-Baptiste Rolland, Steinberg Media Technologies GmbH;Joshua D. Reiss, Queen Mary University of London;George Fazekas, QMUL	Soumya Sai Vanka, QMUL	Christian J. Steinmetz, Queen Mary University of London	Jean-Baptiste Rolland, Steinberg Media Technologies GmbH	Joshua D. Reiss, Queen Mary University of London	George Fazekas, QMUL														
Marios Glytsos, National Technical University of Athens;Christos Garoufis, Athena Research Center;Athanasia Zlatintsi, Athena Research Center;Petros Maragos, National Technical University of Athens	Marios Glytsos, National Technical University of Athens	Christos Garoufis, Athena Research Center	Athanasia Zlatintsi, Athena Research Center	Petros Maragos, National Technical University of Athens															
Sebastian Strahl, International Audio Laboratories Erlangen;Meinard Müller, International Audio Laboratories Erlangen	Sebastian Strahl, International Audio Laboratories Erlangen	Meinard Müller, International Audio Laboratories Erlangen																	
Adithi Shankar, Music Technology Group- Universitat Pompeu Fabra;Genís Plaja-Roglans, Music Technology Group;Thomas Nuttall, Universitat Pompeu Fabra, Barcelona;Martín Rocamora, Universitat Pompeu Fabra;Xavier Serra, Universitat Pompeu Fabra	Adithi Shankar, Music Technology Group- Universitat Pompeu Fabra	Genís Plaja-Roglans, Music Technology Group	Thomas Nuttall, Universitat Pompeu Fabra, Barcelona	Martín Rocamora, Universitat Pompeu Fabra	Xavier Serra, Universitat Pompeu Fabra														
Mathias Rose Bjare, Johannes Kepler University Linz;Stefan Lattner, Sony Computer Science Laboratories, Paris;Gerhard Widmer, Johannes Kepler University	Mathias Rose Bjare, Johannes Kepler University Linz	Stefan Lattner, Sony Computer Science Laboratories, Paris	Gerhard Widmer, Johannes Kepler University																
Francesco Foscarin, Johannes Kepler University Linz;Emmanouil Karystinaios, Johannes Kepler University;Eita Nakamura, Kyoto University;Gerhard Widmer, Johannes Kepler University	Francesco Foscarin, Johannes Kepler University Linz	Emmanouil Karystinaios, Johannes Kepler University	Eita Nakamura, Kyoto University	Gerhard Widmer, Johannes Kepler University															
Zeng Ren, École Polytechnique Fédérale de Lausanne;Yannis Rammos, EPFL;Martin A Rohrmeier, Ecole Polytechnique Fédérale de Lausanne	Zeng Ren, École Polytechnique Fédérale de Lausanne	Yannis Rammos, EPFL	Martin A Rohrmeier, Ecole Polytechnique Fédérale de Lausanne																
Ondřej Cífka, AudioShake;Hendrik Schreiber, AudioShake;Luke Miner, AudioShake;Fabian-Robert Stöter, AudioShake	Ondřej Cífka, AudioShake	Hendrik Schreiber, AudioShake	Luke Miner, AudioShake	Fabian-Robert Stöter, AudioShake															
Alain Riou, Sony CSL Paris;Stefan Lattner, Sony Computer Science Laboratories, Paris;Gaëtan Hadjeres, Sony CSL;Michael Anslow, Sony Computer Science Laboratories, Paris;Geoffroy Peeters, LTCI - Télécom Paris, IP Paris	Alain Riou, Sony CSL Paris	Stefan Lattner, Sony Computer Science Laboratories, Paris	Gaëtan Hadjeres, Sony CSL	Michael Anslow, Sony Computer Science Laboratories, Paris	Geoffroy Peeters, LTCI - Télécom Paris, IP Paris														
Julien Guinot, Queen Mary University of London;Elio Quinton, Universal Music Group;György Fazekas, QMUL	Julien Guinot, Queen Mary University of London	Elio Quinton, Universal Music Group	György Fazekas, QMUL																
Pedro Pereira Sarmento, Centre for Digital Music;Jackson J Loth, Queen Mary University of London;Mathieu Barthet, Queen Mary University of London	Pedro Pereira Sarmento, Centre for Digital Music	Jackson J Loth, Queen Mary University of London	Mathieu Barthet, Queen Mary University of London																
Pedro Ramoneda, Universitat Pompeu Fabra;Martín Rocamora, Universidad de la República;Taketo Akama, Sony CSL	Pedro Ramoneda, Universitat Pompeu Fabra	Martín Rocamora, Universidad de la República	Taketo Akama, Sony CSL																
Julia Barnett, Northwestern University;Bryan Pardo, Northwestern University;Hugo Flores García, Northwestern University	Julia Barnett, Northwestern University	Bryan Pardo, Northwestern University	Hugo Flores García, Northwestern University																
Brian Bemman, Durham University;Justin Christensen, The University of Sheffield	Brian Bemman, Durham University	Justin Christensen, The University of Sheffield																	
Antonin Gagneré, LTCI - Télécom Paris, IP Paris;Slim Essid,   LTCI - Télécom Paris, IP Paris;Geoffroy Peeters, LTCI - Télécom Paris, IP Paris	Antonin Gagneré, LTCI - Télécom Paris, IP Paris	Slim Essid,   LTCI - Télécom Paris, IP Paris	Geoffroy Peeters, LTCI - Télécom Paris, IP Paris																
Christopher J. Tralie, Ursinus College;Ben Cantil, DataMind Audio	Christopher J. Tralie, Ursinus College	Ben Cantil, DataMind Audio																	
Dorian Desblancs, Deezer Research;Gabriel Meseguer Brocal, Deezer;Romain Hennequin, Deezer Research;Manuel Moussallam, Deezer	Dorian Desblancs, Deezer Research	Gabriel Meseguer Brocal, Deezer	Romain Hennequin, Deezer Research	Manuel Moussallam, Deezer															
Javier Nistal, Sony CSL;Marco Pasini, Queen Mary University of London;Cyran Aouameur, Sony CSL;Stefan Lattner, Sony Computer Science Laboratories, Paris;Maarten Grachten, Machine Learning Consultant	Javier Nistal, Sony CSL	Marco Pasini, Queen Mary University of London	Cyran Aouameur, Sony CSL	Stefan Lattner, Sony Computer Science Laboratories, Paris	Maarten Grachten, Machine Learning Consultant														
Morgan Buisson, Telecom-Paris;Brian McFee, New York University;Slim Essid, Telecom Paris - Institut Polytechnique de Paris	Morgan Buisson, Telecom-Paris	Brian McFee, New York University	Slim Essid, Telecom Paris - Institut Polytechnique de Paris																